﻿<?xml version="1.0" encoding="utf-8" ?>
<!--Created:cb85b80c-f585-40ff-8bfc-12ff4d0e34a9-->
<App xmlns="http://schemas.microsoft.com/sharepoint/2012/app/manifest"
     Name="ImageCraousal"
     ProductID="{6f7b7782-b54c-420c-92d6-37e4b431c0e9}"
     Version="1.0.0.19"
     SharePointMinVersion="15.0.0.0"
>
  <Properties>
    <Title>ImageCarousel</Title>
    <StartPage>~appWebUrl/Pages/Default.aspx?{StandardTokens}</StartPage>
  </Properties>

  <AppPrincipal>
    <Internal />
  </AppPrincipal>
  <AppPermissionRequests>
    <AppPermissionRequest Scope="http://sharepoint/content/sitecollection/web" Right="Read" />
  </AppPermissionRequests>
</App>
