﻿<?xml version="1.0" encoding="utf-8"?>
<Feature xmlns="http://schemas.microsoft.com/sharepoint/" Description="SharePoint App Feature" Id="3cb4b657-b058-46ae-9d18-a5923f66180f" Scope="Web" Title="ImageCraousal Feature1" Version="1.0.0.19">
  <ElementManifests>
    <ElementManifest Location="Pages\Elements.xml" />
    <ElementFile Location="Pages\Default.aspx" />
    <ElementFile Location="Pages\ClientImageCarousel.aspx" />
    <ElementManifest Location="Scripts\Elements.xml" />
    <ElementFile Location="Scripts\App.js" />
    <ElementFile Location="Scripts\jquery-1.8.2.min.js" />
    <ElementFile Location="Scripts\jquery-1.8.2.js" />
    <ElementFile Location="Scripts\jquery-1.8.2.intellisense.js" />
    <ElementFile Location="Scripts\bjqs-1.3.js" />
    <ElementFile Location="Scripts\ImageCarouseljs.js" />
    <ElementFile Location="Scripts\JavaScript1.js" />
    <ElementManifest Location="Content\Elements.xml" />
    <ElementFile Location="Content\App.css" />
    <ElementFile Location="Content\bjqs.css" />
    <ElementManifest Location="Images\Elements.xml" />
    <ElementFile Location="Images\AppIcon.png" />
    <ElementFile Location="Images\Arrow.png" />
  </ElementManifests>
  <UpgradeActions>
    <VersionRange>
      <ApplyElementManifests>
        <ElementManifest Location="Pages\Elements.xml" />
        <ElementManifest Location="Scripts\Elements.xml" />
        <ElementManifest Location="Content\Elements.xml" />
        <ElementManifest Location="Images\Elements.xml" />
      </ApplyElementManifests>
    </VersionRange>
  </UpgradeActions>
</Feature>
