﻿<?xml version="1.0" encoding="utf-8"?>
<Elements xmlns="http://schemas.microsoft.com/sharepoint/">
  <ClientWebPart Name="ClientImageCarousel" Title="ClientImageCarousel Title" Description="ClientImageCarousel Description" DefaultWidth="300" DefaultHeight="200">

    <!-- Content element identifies the location of the page that will render inside the client web part
         Properties are referenced on the query string using the pattern _propertyName_
         Example: Src="~appWebUrl/Pages/ClientWebPart1.aspx?Property1=_property1_" -->
    <Content Type="html" Src="~appWebUrl/Pages/ClientImageCarousel.aspx?{StandardTokens}&amp;PageName=_ImageCarouselType_" />

    <!-- Define properties in the Properties element.
         Remember to put Property Name on the Src attribute of the Content element above. -->
    <Properties>
      <Property Name="ImageCarouselType"
Type="enum" WebBrowsable="true"
WebDisplayName="Image Carousel Type"
WebDescription="Image Carousel used in which page."
WebCategory="Custom Properties"
DefaultValue="Home" RequiresDesignerPermission="true">
        <EnumItems>
          <EnumItem Value="Home" WebDisplayName="Home Page"/>
          <EnumItem Value="Donor" WebDisplayName="Donor Page"/>
        </EnumItems>

      </Property>
    </Properties>

  </ClientWebPart>
</Elements>
